{
  "strain_names": [
    "ATCC11842",
    "DSM20081",
    "CNCM1519"
  ],
  "kmer_similarity": [
    [
      1.0,
      0.9626674020937576,
      0.9780156298111146
    ],
    [
      0.9626674020937576,
      1.0,
      0.934066172609761
    ],
    [
      0.9780156298111146,
      0.934066172609761,
      1.0
    ]
  ],
  "sequence_similarity": [
    [
      1.0,
      0.2696617886178862,
      0.26166064814814816
    ],
    [
      0.2696617886178862,
      1.0,
      0.2684944444444444
    ],
    [
      0.26166064814814816,
      0.2684944444444444,
      1.0
    ]
  ],
  "gc_similarity": [
    [
      1.0,
      0.04240279558222757,
      0.018023813515960482
    ],
    [
      0.04240279558222757,
      1.0,
      0.014873179733222566
    ],
    [
      0.018023813515960482,
      0.014873179733222566,
      1.0
    ]
  ],
  "size_similarity": [
    [
      1.0,
      0.5606497823152687,
      0.3938725644327665
    ],
    [
      0.5606497823152687,
      1.0,
      0.7025287030456407
    ],
    [
      0.3938725644327665,
      0.7025287030456407,
      1.0
    ]
  ],
  "composite_similarity": [
    [
      0.9999999999999999,
      0.5305110347708413,
      0.5126964655153591
    ],
    [
      0.5305110347708413,
      0.9999999999999999,
      0.5274023086284463
    ],
    [
      0.5126964655153591,
      0.5274023086284463,
      0.9999999999999999
    ]
  ]
}