Souche_1,Souche_2,Similarite_kmers,Similarite_sequence,Similarite_GC,Similarite_taille,Similarite_composite,Distance_genetique
ATCC11842,DSM20081,0.9626674020937576,0.2696617886178862,0.04240279558222757,0.5606497823152687,0.5305110347708413,0.46948896522915873
ATCC11842,CNCM1519,0.9780156298111146,0.26166064814814816,0.018023813515960482,0.3938725644327665,0.5126964655153591,0.4873035344846409
DSM20081,CNCM1519,0.934066172609761,0.2684944444444444,0.014873179733222566,0.7025287030456407,0.5274023086284463,0.4725976913715537
